Total_loss/train,Epoch_time/train,Safety_loss/train,Descent_loss/train,Performance_loss/train,regulation_loss_term/train,placeholder_loss_term/train,epoch,step
0.0,0.9225256443023682,0.0,0.0,0.0,0.0,0.0,0,0
0.0,0.977257251739502,0.0,0.0,0.0,0.0,0.0,1,1
0.0,0.6602139472961426,0.0,0.0,0.0,0.0,0.0,2,2
0.014720175415277481,0.6658508777618408,0.014720175415277481,0.0,0.0,0.014720175415277481,0.0,3,3
0.0,1.0922107696533203,0.0,0.0,0.0,0.0,0.0,4,4
